pdb,Chain,mutation,wild,pdb_pos,mutant,actual ddG,#Pdb Partners
1A22,B,EB279A,E,279,A,0.079,1A22_A_B
1A22,B,EB282A,E,282,A,-0.783,1A22_A_B
1A22,A,YA42A,Y,42,A,-0.199,1A22_A_B
1A22,B,YB295A,Y,295,A,-0.199,1A22_A_B
1A4Y,A,DA435A,D,435,A,-3.486,1A4Y_A_B
1A4Y,A,EA287A,E,287,A,-0.101,1A4Y_A_B
1A4Y,A,EA344A,E,344,A,-0.179,1A4Y_A_B
1A4Y,A,EA401A,E,401,A,-0.884,1A4Y_A_B
1A4Y,A,IA459A,I,459,A,-0.679,1A4Y_A_B
1A4Y,A,KA320A,K,320,A,0.31,1A4Y_A_B
1ACB,I,LI45D,L,45,D,-6.867,1ACB_E_I
1ACB,I,LI45E,L,45,E,-6.646,1ACB_E_I
1ACB,I,LI45G,L,45,G,-6.118,1ACB_E_I
1ACB,I,LI45I,L,45,I,-4.29,1ACB_E_I
1ACB,I,LI45P,L,45,P,-6.949,1ACB_E_I
1ACB,I,LI45S,L,45,S,-5.021,1ACB_E_I
1AK4,D,AD488G,A,488,G,-2.655,1AK4_A_D
1AK4,D,AD488V,A,488,V,-0.77,1AK4_A_D
1AK4,D,AD492G,A,492,G,-0.581,1AK4_A_D
1AK4,D,AD492V,A,492,V,-0.359,1AK4_A_D
1AK4,D,GD489A,G,489,A,-2.077,1AK4_A_D
1AK4,D,GD489V,G,489,V,-3.031,1AK4_A_D
1CSE,I,LI45G,L,45,G,-2.281,1CSE_E_I
1CSE,I,LI45I,L,45,I,-2.982,1CSE_E_I
1CSE,I,LI45P,L,45,P,-6.765,1CSE_E_I
1CSE,I,LI45S,L,45,S,-1.189,1CSE_E_I
1CSO,I,II18L,I,18,L,4.481,1CSO_E_I
3EQS,B,TB1A,T,1,A,-0.392,3EQS_A_B
3EQS,B,WB7A,W,7,A,-6.41,3EQS_A_B
3EQS,B,YB6A,Y,6,A,-3.111,3EQS_A_B
4JEU,B,IB233A,I,233,A,-3.242,4JEU_A_B
4JEU,B,LB8A,L,8,A,-1.109,4JEU_A_B
4JEU,A,RA171A,R,171,A,0.411,4JEU_A_B
4JEU,A,RA39C,R,39,C,-0.91,4JEU_A_B
4JEU,B,RB4A,R,4,A,-1.128,4JEU_A_B
4JEU,B,TB5A,T,5,A,-0.181,4JEU_A_B